,Seed,MatrixSize,IterSpace,Path,Length,Time
0,1,10,1000,"[6, 1, 9, 0, 2, 3, 7, 4, 5, 8]",48.0,0.002560799999628216
1,1,10,3000,"[4, 3, 7, 6, 5, 8, 0, 2, 1, 9]",43.0,0.006750700005795807
2,1,11,1000,"[10, 7, 8, 2, 9, 0, 1, 5, 6, 3, 4]",44.0,0.002733300003455952
3,1,11,3000,"[2, 9, 8, 1, 5, 6, 10, 3, 4, 0, 7]",54.0,0.007616000002599321
4,42,10,1000,"[2, 8, 7, 3, 5, 6, 4, 9, 0, 1]",54.0,0.002396500000031665
5,42,10,3000,"[3, 5, 6, 4, 7, 8, 2, 0, 1, 9]",48.0,0.006739799995557405
6,42,11,1000,"[7, 0, 3, 2, 4, 8, 1, 6, 10, 5, 9]",59.0,0.0026827999972738326
7,42,11,3000,"[9, 8, 10, 3, 1, 7, 0, 5, 4, 2, 6]",73.0,0.00764070000150241
